#Strain	altName
1046058	AK2811H5-B1BAH
1046058	PI 674119
88154622393	Asgrow A3244
88154622393	PI 594383
11-54-53	PI 548534
11-54-53	Clay
11-54-53	M393
201-14-20	201-14-18-1-1
201-14-20	PI 196491
5002T	TN96-68
5002T	PI 634193
A Elgin BC	PI 518666
A Elgin BC	Elgin 87
A Harper BC	PI 518667
A Harper BC	Harper 87
A-100	A100
A-100	PI 437551
A-100	PI 548668
A.K.	PI 548297
A.K.	A.K. (FC 30761)
A2	A74-101010
A2	PI 596522
A20	A87-195034
A20	PI 549112
A2543	Asgrow A2543
A2543	PI 556929
A2543	XP2543
A2833	Asgrow A2833
A2833	PI 594382
A3	A74-101035
A3	PI 596523
A4	A75-332035
A4	PI 596524
A4009	Asgrow A4009
A4009	PI 556860
A4138	Asgrow A4138
A4138	PI 565512
A4138	XP4238
A43-107	PI 548577
A43-107	Hawkeye
A43-107	A43-108
A43-108	PI 548577
A43-108	Hawkeye
A43-108	A43-107
A45-2683	PI 548502
A45-2683	Adams
A4595	Asgrow A4595
A4595	PI 556784
A4595	XP4595
A4595	X4797
A46K-937	Blackhawk
A46K-937	PI 548516
A4997	Asgrow A4997
A4997	PI 556688
A4997	XP4982
A50-4745	PI 548587
A50-4745	Kim
A50-5039	PI 548552
A50-5039	Kanrich
A50-8618-2	PI 548562
A50-8618-2	Ford
A61-1051	PI 548608
A61-1051	Provar
A61-439	PI 548540
A61-439	Corsoy
A61-540	PI 548551
A61-540	Hark
A61-939	Amsoy
A61-939	PI 548506
A62-5405	PI 548609
A62-5405	Rampage
A62-5407	PI 548610
A62-5407	Wirth
A73-128	PI 548536
A73-128	Coles
A73-227	PI 548537
A73-227	Marion
A73-25050	PI 548616
A73-25050	Sloan
A74-201010	PI 548618
A74-201010	Vinton
A74-302012	PI 548523
A74-302012	Pella
A74-303012	PI 548542
A74-303012	Cumberland
A74-303012	AX819
A74-303013	PI 548543
A74-303013	Oakland
A75-102032	PI 548524
A75-102032	Weber
A75-302005	BSR 301
A75-302005	PI 548522
A75-Corsoy R3	PI 548617
A75-Corsoy R3	Vickery
A76-102009	PI 548526
A76-102009	Hardin
A76-304019	BSR 302
A76-304019	PI 548525
A77-112023	PI 548588
A77-112023	Lakota
A79-133019	PI 548557
A79-133019	Elgin
A79-336014	PI 548558
A79-336014	Harper
A80-149020	BSR 101
A80-149020	PI 548519
A81-257031	PI 548520
A81-257031	Preston
A83-273009	PI 525453
A83-273009	Conrad
A85-193023	PI 537095
A85-193023	Marcus
A85-291001	PI 537094
A85-291001	Kenwood
ABSR 101BC	PI 546487
ABSR 101BC	Archer
AC Orford	X2150-A-78
AC Orford	X2150-A-78-B-5
AC Orford	OT95-10
Acadian	La40-293
Acadian	PI 548436
Acme	PI 548498
Acme	O17
Acme	P-17
Adams	PI 548502
Adams	A45-2683
Adelphia	C1225
Adelphia	PI 548503
Agassiz	PI 562372
Agassiz	M84-456
AgraTech AT 550	AgraTech AT550
AgraTech AT 550	PI 562375
AgraTech AT550	AT 550
AgraTech AT550	AgraTech Seeds Inc.
AgraTech AT550	PVP 9200245
AgraTech AT550	PI 562375
AgriPro 27	Agripro Ex 7710
AgriPro 27	AP27
AgriPro 35	Agripro Ex 50734
AgriPro 35	AP35
AgriPro AP225C	AP 225C
AgriPro AP225C	PI 556575
Agripro Ex 7710	AP 27
Agripro Ex 7710	AP27
Agripro Ex 7710	PI 556485
Agripro HP 20-20	HP 20-20
Agripro HP 20-20	PI 556604
Agripro HP 2530	HP 2530
Agripro HP 2530	PI 556677
Agustina	SC10-170
Agustina	PI 679941
Agustina	CV-524
AHW-Pella BC	PI 509044
AHW-Pella BC	Pella 86
Alpha	PI 564524
Alpha	M85-610
Amcor	L73D-195
Amcor	PI 548505
Amsoy	A61-939
Amsoy	PI 548506
Amsoy 71	C1477
Amsoy 71	PI 548507
Anand	PI 614732
Anand	S94-1956
AP 25	AP25
AP 25	PI 556487
AP 27	Agripro Ex 7710
AP 27	AP27
AP 27	PI 556485
AP25	AP 25
AP25	PI 556487
AP27	AP 27
AP27	Agripro Ex 7710
AP27	PI 556485
APHP 20-20	HP 20-20
APHP 20-20	PI 556604
APHP 2530	HP 2530
APHP 2530	PI 556677
AR03-163008	AR10SDS
AR03-163008	PI 669816
AR03-263051	PI 675224
AR03-263051	AR11SDS
AR10SDS	PI 669816
AR10SDS	AR03-163008
AR11SDS	PI 675224
AR11SDS	AR03-263051
Archer	PI 546487
Archer	ABSR 101BC
Archer	BSR 101BC
ASG A5403	Asgrow A5403
ASG A5403	PI 556861
ASG A5403	X5304
ASG A5403	XP5304
Asgrow A1564	PI 556507
Asgrow A1564	A1564
Asgrow A1564	XP1564
Asgrow A1895	A1895
Asgrow A1895	PI 556777
Asgrow A1929	A1929
Asgrow A1929	PI 556927
Asgrow A1937	A1937
Asgrow A1937	PI 556637
Asgrow A2187	A2187
Asgrow A2187	PI 556783
Asgrow A2234	A2234
Asgrow A2234	PI 556850
Asgrow A2242	XP2242
Asgrow A2242	A2242
Asgrow A2242	PI 561201
Asgrow A2396	A2396
Asgrow A2396	PI 540454
Asgrow A2440	A2440
Asgrow A2440	NSL95225
Asgrow A2506	PI 561717
Asgrow A2506	A2506
Asgrow A2543	PI 556929
Asgrow A2543	XP2543
Asgrow A2543	A2543
Asgrow A2575	A2575
Asgrow A2575	PI 556508
Asgrow A2656	A2656
Asgrow A2656	PI 556495
Asgrow A2833	PI 594382
Asgrow A2833	A2833
Asgrow A2943	PI 556689
Asgrow A2943	A2943
Asgrow A2943	XP2943
Asgrow A3127	PI 556511
Asgrow A3127	A3127
Asgrow A3127	XP3127
Asgrow A3205	PI 556816
Asgrow A3205	A3205
Asgrow A3242	A3242
Asgrow A3242	PI 550739
Asgrow A3244	88154622393
Asgrow A3244	PI 594383
Asgrow A3322	PI 556928
Asgrow A3322	A3322
Asgrow A3427	PI 556778
Asgrow A3427	A3427
Asgrow A3585	A3585
Asgrow A3585	PI 556510
Asgrow A3659	A3659
Asgrow A3659	PI 556572
Asgrow A3733	A3733
Asgrow A3733	PI 556814
Asgrow A3860	A3860
Asgrow A3860	PI 556526
Asgrow A3935	PI 556857
Asgrow A3935	A3935
Asgrow A3966	PI 556687
Asgrow A3966	A3966
Asgrow A4009	PI 556860
Asgrow A4009	A4009
Asgrow A4009	XP4009
Asgrow A4138	PI 565512
Asgrow A4138	A4138
Asgrow A4138	XP4238
Asgrow A4268	PI 556528
Asgrow A4268	A4268
Asgrow A4268	XP4268
Asgrow A4393	PI 556852
Asgrow A4393	A4393
Asgrow A4595	PI 556784
Asgrow A4595	A4595
Asgrow A4595	X4797
Asgrow A4595	XP4595
Asgrow A4715	PI 539936
Asgrow A4715	A4715
Asgrow A4997	PI 556688
Asgrow A4997	XP4982
Asgrow A4997	A4997
Asgrow A5112	PI 568255
Asgrow A5112	A5112
Asgrow A5403	PI 556861
Asgrow A5403	ASG A5403
Asgrow A5403	X5304
Asgrow A5403	XP5304
Asgrow A5474	PI 527701
Asgrow A5474	XP5474
Asgrow A5474	A5474
Asgrow A5843	PI 591566
Asgrow A5843	A5843
Asgrow A5843	XP5643
Asgrow A5885	PI 561219
Asgrow A5885	A5885
Asgrow A5979	PI 556930
Asgrow A5979	A5979
Asgrow A5979	XP5979
Asgrow A5980	XP5980
Asgrow A5980	PI 527702
Asgrow A5980	A5980
Asgrow A6297	PI 556858
Asgrow A6297	A6297
Asgrow A6785	PI 527704
Asgrow A6785	XP6681
Asgrow A6785	A6785
Asgrow A7986	PI 556813
Asgrow A7986	M78-687
Asgrow A7986	XP8186
Ashtabula	PI 655938
Ashtabula	ND02-2367
Asmara	VS96-239
Asmara	PI 633049
Athow	CX1332-12
Athow	C1875
Athow	PI 595926
AU313	PI 548592
AU313	Maple Amber
AU313	OT80-1
AU82-204	Stonewall
AU82-204	PI 531068
AU87-547	PI 584506
AU87-547	Carver
Avery	S79-4259
Avery	PI 518663
AX443-2814	PI 665225
AX443-2814	Henderson
AX80-21	PI 548550
AX80-21	Disoy
AX819	PI 548542
AX819	Cumberland
AX819	A74-303012
AX84-90	PI 548553
AX84-90	Magna
AX84-98	PI 548554
AX84-98	Prize
B236	Pride PEX110
B236	PI 556821
Barnes	PI 614831
Barnes	ND95-931
Bay	V72-580
Bay	PI 553043
BD21117	PI 548594
BD21117	Maple Presto
Bedford	J74-46
Bedford	PI 548974
Beeson	PI 548510
Beeson	C1429
Beeson 80 BC6	PI 548538
Beeson 80 BC6	Keller
Bell	PI 540554
Bell	LN85-874
Benning	G88-3266
Benning	PI 595645
Bert	PI 557010
Bert	M83-899
Bethel	PI 548514
Bethel	UD321-5
Bethel	Bethel Soybean
BG4184	BG4184Y
BG4184	PI 664263
BG4184Y	BG4184
BG4184Y	PI 664263
Bicentennial	PI 548515
Bicentennial	OAC81-2
Bitterhof	PI 189880
Bitterhof	J 6
Blackhawk	A46K-937
Blackhawk	PI 548516
Blue Side	SY 306001
Blue Side	PI 632950
Blue Side	Blue Side-BB
Boggs	G89-2223
Boggs	PI 602597
Bolivar	DT95-15091
Bolivar	PI 612146
Bonus	C1474
Bonus	PI 548517
Boone	PI 548309
Boone	Missouri Selection
Bradley	S77-281
Bradley	PI 556738
Bragg	F58-3786
Bragg	PI 548660
Braxton	F71-1180
Braxton	PI 548659
Brim	PI 548986
Brim	N82-1198
Brock	PI 572241
Brock	ORC8803
Bryan	G81-234
Bryan	PI 542712
BSR 101	A80-149020
BSR 101	PI 548519
BSR 301	PI 548522
BSR 301	A75-302005
BSR 302	PI 548525
BSR 302	A76-304019
C-Union BC	PI 548636
C-Union BC	Regal
C1068	PI 548586
C1068	Kent
C1117	PI 548589
C1117	Lindarin
C1225	Adelphia
C1225	PI 548503
C1278	PI 548547
C1278	Cutler
C1315	PI 548590
C1315	Lindarin 63
C1376	PI 548528
C1376	Protana
C1429	PI 548510
C1429	Beeson
C1437	PI 548527
C1437	Calland
C1470	PI 548630
C1470	Wells
C1474	Bonus
C1474	PI 548517
C1481	PI 548518
C1481	Cutler 71
C1545	PI 548512
C1545	Century
C1653	PI 52554
C1653	Spencer
C169	PI 548330
C169	Gibson
C1726	T308
C1726	PI 532833
C1875	CX1332-12
C1875	Athow
C1875	PI 595926
C1944	CX1517
C1944	PI 599584
C463	PI 548626
C463	Wabash
C612	PI 548603
C612	Perry
Calland	PI 548527
Calland	C1437
Camp	PI 553044
Camp	V81-1325-25
Carlin	PI 548669
Carlin	T195
Cartter	PI 518675
Cartter	L80-3049
Carver	PI 584506
Carver	AU87-547
Cavalier	PI 654358
Cavalier	ND02-2019
Caviness	PI 615582
Caviness	R93-171
Centennial	PI 548975
Centennial	D70-3185
Century	PI 548512
Century	C1545
Century 84	PI 548529
Century 84	HW8185
CF461	KY88-5037
CF461	PI 590932
Chamberlain	PI 548635
Chamberlain	LN80-8478
Chapman	PI 542710
Chapman	HM8625
Charleston	PI 567902
Charleston	HC85-6724
Chico	PI 542402
Chico	M74-355
Chief	PI 548314
Chief	T119
Chippewa	PI 548530
Chippewa	L46-8275
Chippewa 64	PI 548531
Chippewa 64	L1
Cisne	PI 593256
Cisne	LN90-4129
Clark	PI 548533
Clark	L49-5138
Clark 63	PI 548532
Clark 63	SL1
Clay	PI 548534
Clay	II-54-53
Clay	M393
Clifford	PI 596414
Clifford	N87-325
Cobb	PI 548664
Cobb	F66-1166
Codington	PI 667736
Codington	SD04CV-611
Coker 156	75-842
Coker 156	72-260
Coker 237	PI 556536
Coker 237	Co237
Coker 240	Co240
Coker 240	NSL42776
Coker 318	Co318
Coker 318	NSL74169
Coker 338	Co68-38
Coker 338	PI 556515
Coker 338	Co338
Coker 368	PI 556696
Coker 368	Co368
Coker 425	PI 556744
Coker 425	Co425
Coker 433	Yelnando
Coker 433	Co433
Coker 485	Co80-764
Coker 485	Co485
Coker 488	Co73-410
Coker 488	PI 556537
Coker 488	Co488
Coker 57-257	Co57-257
Coker 57-257	Stuart
Coker 57-257	NSL42779
Coker 73-410	Coker 488
Coker 73-410	PI 556537
Coker 80-764	Coker 485
Coker 80-764	Co80-764
Coker 82-622	Co82-622
Coker 82-622	Northrup King S83
Coles	PI 548536
Coles	A73-128
Colquitt	PI 536009
Colquitt	GA80-1011
Columbus	PI 548538
Columbus	K62-7221
Comet	PI 548539
Comet	O48-36
Conrad	PI 525453
Conrad	A83-273009
Cook	PI 553045
Cook	G83-266
Corsica	PI 559931
Corsica	MD85-5443
Corsoy	PI 548540
Corsoy	A61-439
Corsoy 79	PI 518669
Corsoy 79	L75-3674
Corsoy R3	Vickery
Corsoy R3	A75-Corsoy R3
Crawford	PI 548541
Crawford	K1019
Creole	PI 71614
Creole	No. 236
Crest	PI 548544
Crest	O51-318
Crest	O51-322
Crockett	PI 535807
Crockett	TsB78-3495
Crockett	TsB83-5387
Cumberland	PI 548542
Cumberland	A74-303012
Cumberland	AX819
Custer	PI 548546
Custer	S5
Cutler	PI 548547
Cutler	C1278
Cutler 71	PI 548518
Cutler 71	C1481
CX1517	C1944
CX1517	PI 599584
CX445	EX344A
CX445	PI 583745
Cypress No. 1	Cypress No 1
Cypress No. 1	PI 548670
CZ 4540 LL	GLL0050
CZ 4540 LL	PI 677229
CZ 5147 LL	ELL0082
CZ 5147 LL	PI 677231
CZ 5225 LL	DLL1206
CZ 5225 LL	PI 677232
CZ 5445 LL	DLL1335
CZ 5445 LL	PI 677233
CZ 5515 LL	DLL0840
CZ 5515 LL	PI 677234
CZ 5727 LL	DLL1347
CZ 5727 LL	PI 677235
CZ 5947 LL	DLL1172
CZ 5947 LL	PI 677236
CZ 6109 LL	DLL0838
CZ 6109 LL	PI 677237
CZ 6316 LL	DLL1143
CZ 6316 LL	PI 677238
CZ 6515 LL	ELL0908
CZ 6515 LL	PI 677239
CZ 7007 LL	DLL1141
CZ 7007 LL	PI 677240
CZ 7132 LL	DLL0750
CZ 7132 LL	PI 677241
D49-2524	Lee
D49-2524	PI 548656
D51-4888	Hood
D51-4888	PI 548980
D60-12-327	Semmes
D60-12-327	PI 548661
D623-9	Dorman
D623-9	PI 548653
D63-7320	PI 548976
D63-7320	Dyer
D66-8666	Govan
D66-8666	PI 548979
D67-4601	PI 548983
D67-4601	Tracy
D68-128	PI 548655
D68-128	Forrest
D68-B4	PI 548982
D68-B4	Pickett 71
D70-3185	PI 548975
D70-3185	Centennial
D70-7583	Gail
D70-7583	PI 548978
D77-5090	Epps
D77-5090	PI 548977
D77-6166	LeFlore
D77-6166	PI 548981
D79-6162	Sharkey
D79-6162	PI 515960
D82-3885	Lamar
D82-3885	PI 533604
Dairyland DSR217	DSR-217
Dairyland DSR217	DSR217
Dairyland DSR217	Dairyland DSR-217
Dairyland DSR252	DSR252
Dairyland DSR252	DSR-252
Dairyland DSR252	Dairyland DSR-252
Dairyland DSR300	DSR-300
Dairyland DSR300	Dairyland DSR-300
Dairyland DSR300	DSR300
Dairyland DSR304	DSR304
Dairyland DSR304	DSR-304
Dairyland DSR304	Dairyland DSR-304
Dairyland DSR365	DSR365
Dairyland DSR365	DSR-365
Dairyland DSR365	Dairyland DSR-365
Dairyland DSR373	DSR373
Dairyland DSR373	DSR-373
Dairyland DSR373	Dairyland DSR-373
Dairyland DSR373	PI 54071
Dairyland DST3305	DST-3305
Dairyland DST3305	DST3305
Dairyland DST3305	Dairyland DST-3305
Dare	N59-6972
Dare	PI 548987
Dassel	PI 508083
Dassel	M75-25
Davis	R54-171-1
Davis	PI 553039
Davison	PI 662941
Davison	SD02-22
Dawson	PI 542403
Dawson	M70-128E
DB0638-70	PI 686969
DB0638-70	DB06x38-70
Defiance	PI 596407
Defiance	HS91-4523
DeKalb CX445	PI 583745
DeKalb CX445	EX344A
Delmar	PI 548548
Delmar	UD672
Delsoy 4210	PI 560206
Delsoy 4210	S84-1084
Delsoy 4500	PI 543793
Delsoy 4500	S83-1004
Delsoy 4710	PI 560207
Delsoy 4710	S84-1163
Delsoy 5500	PI 595765
Delsoy 5500	S88-1854
Delsta	PI 548451
Delsta	Selection 6677
Delsta	Station Selection #6677
Delta King 4762	DK 4762
Delta King 4762	Delta King DK4762
Delta King 4762RR	DK 4762RR
Delta King 4762RR	Delta King DK4762RR
Dennison	HS1-3717
Dennison	PI 647087
Desha	PI 633610
Desha	R92-1258
DeSoto	PI 548549
DeSoto	K1024
Dillon	PI 592756
Dillon	SC84-931
Dilworth	CV-457
Dilworth	PI 633608
Dilworth	OX93329-7
Dilworth	HF98-023
Disoy	PI 548550
Disoy	AX80-21
DLL0750	CZ 7132 LL
DLL0750	PI 677241
DLL0838	CZ 6109 LL
DLL0838	PI 677237
DLL0840	CZ 5515 LL
DLL0840	PI 677234
DLL1141	CZ 7007 LL
DLL1141	PI 677240
DLL1143	CZ 6316 LL
DLL1143	PI 677238
DLL1172	CZ 5947 LL
DLL1172	PI 677236
DLL1206	CZ 5225 LL
DLL1206	PI 677232
DLL1335	CZ 5445 LL
DLL1335	PI 677233
DLL1347	CZ 5727 LL
DLL1347	PI 677235
Dobruzanca I	PI 437267
Dobruzanca I	VIR 4767
Doles	PI 576154
Doles	G83-198
Dorman	PI 548653
Dorman	D623-9
Dortchsoy #31	PI 548695
Dortchsoy #31	Dortchsoy 31
Dortchsoy #67	PI 548696
Dortchsoy #67	Dortchsoy 67
Douglas	PI 548555
Douglas	K1033
DP 3519 STS	DPL 3519S
DP 3519 STS	DPX 3519
DP 3519 STS	PI 590238
DP 3519 STS	DP 3519s
DP 3519s	DPL 3519S
DP 3519s	DP 3519 STS
DP 3519s	PI 590238
DP 3519s	DPX 3519
DPL 3519S	PI 590238
DPL 3519S	DPX 3519
DPL 3519S	DP 3519 STS
DPL 3519S	DP 3519s
DPL 3588	PI 583288
DPL 3588	DPX 3588
DPL 3589	DPX 3589
DPL 3589	PI 566930
DPL 3776	DPX 3776
DPL 3776	PI 564529
DPL 415	PI 556906
DPL 415	Deltapine 415
DPL 415	DPX 1091
DPL 5960 RR	DPX 9759 RR
DPL 5960 RR	PI 597939
DPL 5960RR	DPX 9759 RR
DPL 5960RR	DP 5960RR
DPL 5960RR	DP 5960 RR
DPL 5960RR	PI 597939
DPX 3519	DPL 3519S
DPX 3519	PI 590238
DPX 3519	DP 3519 STS
DPX 8S61 RR	PI 603284
DPX 8S61 RR	95-02332
DPX 9759 RR	DPL 5960 RR
DPX 9759 RR	PI 597939
DT95-15091	PI 612146
DT95-15091	Bolivar
DT96684	PI 636463
DT96684	Freedom
Dunbar	PI 552538
Dunbar	U85-74089
Dunfield	PI 548318
Dunfield	T9
Dunn	PI 548509
Dunn	W61-4221
Dwight	PI 597386
Dwight	LN92-10507
Dyer	PI 548976
Dyer	D63-7320
Early White Eyebrow	PI 548320
Early White Eyebrow	White Eyebrow
Earlyana	PI 548319
Earlyana	C28
Edison	PI 542711
Edison	HM8597
Edison	OX8016-16
Egyptian	PI 506417
Egyptian	LS78-248
Elf	PI 548556
Elf	L74D-611
Elgin	PI 548557
Elgin	A79-133019
Elgin 87	PI 518666
Elgin 87	A Elgin BC
Elgin BC	Elgin 87
Elgin BC	A Elgin BC
ELL0082	CZ 5147 LL
ELL0082	PI 677231
ELL0908	CZ 6515 LL
ELL0908	PI 677239
Ellis	TN05-5018
Ellis	USG Ellis
Ellis	PI 680630
Epps	D77-5090
Epps	PI 548977
Essex	V66-180
Essex	PI 548667
Evans	PI 548560
Evans	M61-96
Exp C319428	Exp. C319428
Exp C319428	C319428
F58-3734	Hardee
F58-3734	PI 548666
F63-4000	Hutton
F63-4000	PI 548662
F66-1166	Cobb
F66-1166	PI 548664
F76-8827	Foster
F76-8827	PI 548970
F77-1797	Kirby
F77-1797	PI 548665
F83-1918	Howard
F83-1918	PI 548971
Fayette	PI 518674
Fayette	L78-1444
FC 29333	Laredo
FC 29333	PI 438495
FC 29333	PI 548463
FC 32176	Smith
FC 32176	Smith Super
FC 32176	FC 32176
FC 33243	Anderson
FC 33243	FC 33243
Felix	PI 572245
Felix	E86237
FFR 493	19853
FFR 493	PI 590232
FFR 493	FFR493
FFR 561	FFR561
FFR 561	PI 556826
FFR 561	TJS 329
Fiskeby III	PI 438471
Fiskeby III	VIR 5588
Flambeau	PI 548325
Flambeau	Wisconsin 839-14
Flint	PI 595843
Flint	HF91-078
Flyer	PI 534646
Flyer	HM8469
Flyer	A3l27BC3F2-10
Ford	PI 548562
Ford	A50-8618-2
Forrest	PI 548655
Forrest	D68-128
Foster	F76-8827
Foster	F5
Foster	PI 548970
Fowler	PI 613695
Fowler	J94-7
Franklin	PI 548563
Franklin	L71L-436
Freedom	PI 636463
Freedom	DT96684
Fremont	PI 548564
Fremont	U76360
G80-1413	Thomas
G80-1413	PI 522236
G81-234	Bryan
G81-234	PI 542712
G83-266	PI 553045
G83-266	Cook
G84-3185	Haskell
G84-3185	PI 572238
G88-3266	Benning
G88-3266	PI 595645
G89-2223	Boggs
G89-2223	PI 602597
G90-1551	Prichard
G90-1551	PI 612157
Ga72-663	Wright
Ga72-663	PI 553042
Ga78-2708	Gordon
Ga78-2708	PI 553047
Ga79-402	PI 511813
Ga79-402	Twiggs
Ga79-402	Ga79-402
Gail	D70-7583
Gail	PI 548978,
GaSoy 17	GaT71-1088
GaSoy 17	PI 553046
GaT71-1088	GaSoy 17
GaT71-1088	PI 553046
General	PI 593463
General	HS90-3653
Gibson	PI 548330
Gibson	C169
Glacier	PI 592523
Glacier	M87-731
Glenwood	PI 513382
Glenwood	M74-12
GLL0050	CZ 4540 LL
GLL0050	PI 677229
GLL0059	CZ 4818 LL
GLL0059	PI 677230
Gnome	PI 548565
Gnome	HW74-618
Gnome	L74D-618
Gnome 85	PI 543857
Gnome 85	Gnome Rps1-k
Gnome 85	HC Gnome Rps1-k
Gnome Rps1-k	PI 543857
Gnome Rps1-k	Gnome 85
Gnome Rps1-k	HC Gnome Rps1-k
Gordon	Ga78-2708
Gordon	PI 553047
Govan	D66-8666
Govan	PI 548979
GR8936	PI 534648
GR8936	OX79104
GR8936	HM8486
Graham	PI 594922
Graham	N86-7682
Grande	PI 548567
Grande	M65-295
Grant	PI 548568
Grant	W46S-292
Grant	T237
Gregg	La74-4656
Gregg	F11
Gregg	PI 510675
H20771-9	PI 548580
H20771-9	Madison
H21793-7	PI 548579
H21793-7	Henry
H24157-4	PI 548612
H24157-4	Ross
H5	LX378-32
H5	Monroe
Hack	PI 548569
Hack	LN78-1136
Hagood	PI 555453
Hagood	SC84-818
Hamilton	PI 540555
Hamilton	LN82-2366
Hamlin	PI 642459
Hamlin	SD99-700
Hampton	Coker Hampton
Hampton	PI 614156
Hampton	Co57-225
Harcor	PI 548570
Harcor	OX271
Hardee	F58-3734
Hardee	PI 548666
Hardin	PI 548526
Hardin	A76-102009
Hardome	PI 279648
Hardome	O3-33
Hark	PI 548551
Hark	A61-540
Harlon	PI 548571
Harlon	OX643
Harly	PI 548572
Harly	1B/41
Haroson	PI 548641
Haroson	OX-Hodgson 1cHm
Harosoy	PI 548573
Harosoy	3/23/45
Harosoy 63	PI 548575
Harosoy 63	L59g-1R
Harper	PI 548558
Harper	A79-336014
Harper 87	PI 518667
Harper 87	A Harper BC
Hartwig	PI 543795
Hartwig	S88-2036
Hartz H4994	H4994 Roundup Ready
Hartz H4994	HX494 RR
Hartz H4994	PI 599598
Harwood	PI 548576
Harwood	O-378-28
Haskell	PI 572238
Haskell	G84-3185
Hawkeye	PI 548577
Hawkeye	A43-107
Hawkeye	A43-108
Hawkeye	A44-107-4
Hawkeye	A44-107-5
Hawkeye	A44-107-7
Hawkeye	A44-107-12
Hawkeye 63	PI 548578
Hawkeye 63	L59g-2R
Hayes	PI 542709
Hayes	HM8482
HBK 5990	PI 602975
HBK 5990	HBK X9659A
HBK 5990	HBK5990
HBK 5991	PI 612443
HBK 5991	HBK X591-98
HBK 5991	HBK5991
HC Amcor	Amcor 89
HC Amcor	PI 546375
HC Gnome Rps1-k	PI 543857
HC Gnome Rps1-k	Gnome 85
HC Gnome Rps1-k	Gnome Rps1-k
HC Hobbit BC	PI 546373
HC Hobbit BC	Hobbit 87
HC Sprite BC	PI 546374
HC Sprite BC	Sprite 87
HC77-2204	PI 536636
HC77-2204	Ripley
HC78-523	PI 540552
HC78-523	Hoyt
HC89-2170	Stressland
HC89-2170	PI 593645
Henderson	PI 665225
Henderson	AX443-2814
Hendricks	PI 583365
Hendricks	M85-1112
Henry	PI 548579
Henry	H21793-7
Herman	PI 247678
Herman	Col. No. 21200
HF91-078	PI 595843
HF91-078	Flint
HF98-023	PI 633608
HF98-023	Dilworth
HF98-023	OX93329-7
Highpro1	PI 678444
Highpro1	HR09-008
Hill	PI 548654
Hill	D53-526
HM8469	PI 534646
HM8469	Flyer
HM8469	A3l27BC3F2-10
HM8471	PI 534645
HM8471	Resnik
HM8482	PI 542709
HM8482	Hayes
HM8486	GR8936
HM8486	PI 534648
HM8597	PI 542711
HM8597	Edison
HM8597	OX8016-16
HM8625	PI 542710
HM8625	Chapman
Hobbit	PI 540551
Hobbit	HW74-3385
Hobbit 87	PI 546373
Hobbit 87	HC Hobbit BC
Hodgson	PI 548561
Hodgson	M63-217Bf
Hodgson 78	PI 548581
Hodgson 78	M75-1
Holladay	PI 572239
Holladay	N85-578
Holmberg 827-4	Fiskeby 827-4-23
Holmberg 827-4	VIR 5593
Hong Kong	Hong Kong
Hong Kong	Cn 1908
Hood	D51-4888
Hood	PI 548980
Howard	F83-1918
Howard	PI 548971
Hoyt	PI 540552
Hoyt	HC78-523
HP 20-20	APHP 20-20
HP 20-20	PI 556604
HP 2530	APHP 2530
HP 2530	PI 556677
HR09-008	PI 678444
HR09-008	Highpro1
HS90-3653	PI 593463
HS90-3653	General
HS91-4523	PI 596407
HS91-4523	Defiance
HS94-4544	PI 612594
HS94-4544	Kottman
HS98-3755	Ohio FG5
HS98-3755	PI 642768
HSC B2J	B2-JQ
HSC B2J	PI 556893
Hudson Manchu	PI 548369
Hudson Manchu	Manchu
Hudson Manchu	Hudson
Hutcheson	PI 518664
Hutcheson	V78-184
Hutton	F63-4000
Hutton	PI 548662
HW74-3384	PI 536635
HW74-3384	Sprite
HW74-3384	HW74-3884
HW74-3385	PI 540551
HW74-3385	Hobbit
HW74-3884	PI 536635
HW74-3884	Sprite
HW74-3884	HW74-3384
HW74-618	PI 548565
HW74-618	Gnome
HW74-618	L74D-618
HW8033	PI 548634
HW8033	Zane
HW8067	PI 548614
HW8067	Sherman
HW8185	PI 548529
HW8185	Century 84
Hy 574	MB92-16
Hy 574	HB3-X594
Hy 574	PI 590248
IA2102	0
IA2102	A08-248043
Illini	PI 548348
Illini	A.K. 3
Improved Pelican	PI 548461
Improved Pelican	La41-1219
Iroquois	PI 593259
Iroquois	LN88-10534
J103	PI 556633
J103	Jacques J103
J335752	Syngenta S42-H1
J335752	X9842
J335752	PI 610443
J94-7	PI 613695
J94-7	Fowler
Jack	PI 540556
Jack	LN83-3824-1
Jackson	N47-3479
Jackson	PI 548657
Jacques J103	PI 556633
Jacques J103	J103
Jeff	R78-100-8
Jeff	PI 553040
Jim	PI 602897
Jim	ND91-2721
Johnston	PI 508267
Johnston	N76-1507
K1004	PI 548606
K1004	Pamona
K1019	PI 548541
K1019	Crawford
K1024	PI 548549
K1024	DeSoto
K1033	PI 548555
K1033	Douglas
K1119	KS4390
K1119	PI 559933
K1192	KS4895
K1192	KS4896
K151-11-B-6	PI 548595
K151-11-B-6	Maple Isle
K151-11-B-6	OT81-5
K1639-2	GP-365
K1639-2	PI 658491
K22-3-B-1	PI 548596
K22-3-B-1	Maple Ridge
K22-3-B-1	OT80-12Y
K62-7221	PI 548538
K62-7221	Columbus
K81-27-278	KS5292
K81-27-278	PI 559934
Kanrich	PI 548552
Kanrich	A50-5039
Kasota	PI 546038
Kasota	M82-106
Kato	PI 542042
Kato	M81-382
Keller	PI 548538
Keller	Beeson 80 BC6
Kent	PI 548586
Kent	C1068
Kenwood	PI 537094
Kenwood	A85-291001
Kenwood	AX2809
KG 60	KG2007
KG 60	KG60
KG 60	PI 556785
KG20	KG 20
KG20	PI 556751
KG2007	KG60
KG2007	PI 556785
KG60	KG2007
KG60	PI 556785
Kim	PI 548587
Kim	A50-4745
Kingwa	PI 548359
Kingwa	Pekwa
Kingwa	T206
Kirby	F77-1797
Kirby	PI 548665
Kottman	PI 612594
Kottman	HS94-4544
KS3494	PI 586980
KS3494	K1164
KS4390	PI 559933
KS4390	K1119
KS4895	PI 595081
KS4895	K1192
KS5292	PI 559934
KS5292	K81-27-278
Kunitz	PI 542044
Kunitz	L81-4590
KY79-0237	PI 515961
KY79-0237	Pennyrile
KY88-5037	CF461
KY88-5037	PI 590932
L1	PI 548531
L1	Chippewa 64
L21	PI 548622
L21	Union
L22	PI 518672
L22	Will
L23	PI 518670
L23	Williams 79
L24A	PI 518671
L24A	Williams 82
L36-685	PI 548362
L36-685	Lincoln
L43-7437	Manchu
L43-7437	Hudson
L4404	Land O Lakes L4404
L4404	Land O Lakes L4404
L4404	PI 556613
L46-8275	PI 548530
L46-8275	Chippewa
L49-5138	Clark
L49-5138	PI 548533
L49-5139	PI 548574
L49-5139	Shelby
L57-2222	PI 548628
L57-2222	Wayne
L59g-1R	PI 548575
L59g-1R	Harosoy 63
L59g-2R	PI 548578
L59g-2R	Hawkeye 63
L66L-108	PI 548631
L66L-108	Williams
L66L-172	PI 548632
L66L-172	Woodworth
L71L-436	PI 548563
L71L-436	Franklin
L73D-195	Amcor
L73D-195	PI 548505
L74D-609	PI 543856
L74D-609	Pixie
L74D-611	PI 548556
L74D-611	Elf
L74D-618	PI 548565
L74D-618	Gnome
L74D-618	HW74-618
L74L-125	PI 518673
L74L-125	Lawrence
L75-3674	PI 518669
L75-3674	Corsoy 79
L78-1444	PI 518674
L78-1444	Fayette
L80-3049	PI 518675
L80-3049	Cartter
L81-4590	PI 542044
L81-4590	Kunitz
L82C-1246	PI 542043
L82C-1246	Linford
L83-3804	PI 553051
L83-3804	Spry
La74-4656	Gregg
La74-4656	PI 510675
Lakota	PI 548588
Lakota	A77-112023
Lamar	D82-3885
Lamar	PI 533604
Lambert	PI 562373
Lambert	M84-748
Land O Lakes 4102	0
Land O Lakes 4102	Land O Lakes 4102
Land O Lakes L4404	PI 556613
Land O Lakes L4404	Land O Lakes L4404
Land O Lakes L4404	L4404
Land O Lakes Max	PI 556535
Land O Lakes Max	Land O Lakes Max
Land O Lakes L4404	PI 556613
Land O Lakes L4404	Land O Lakes L4404
Land O Lakes L4404	L4404
Late Giant	PI 518673
Late Giant	L74L-125
LDXPRE18501R2-9-4-1	D49-2524
LDXPRE18501R2-9-4-1	PI 548656
Lee	R64-501
Lee	PI 559369
Lee 68	R69-1400
Lee 68	PI 548658
Lee 74	D77-6166
Lee 74	PI 548981
LG00-6293	GP-375
LG00-6293	PI 660990
LG02-4198	PI 592922
LG02-4198	Hong feng No. 3
LG02-4198	ZDD 06833
LG04-6449	GP-364
LG04-6449	PI 658307
LG06-4702	PI 665996
LG06-4702	SY 1203001
LG92-1350	PI 633729
LG92-1350	SY313001
LG94-1098	PI 633730
LG94-1098	SY 313002
LG97-5474	PI 639283
LG97-5474	SY 512002
LG97-9912	PI 639284
LG97-9912	SY 512003
LG99-8929	PI 548362
LG99-8929	L36-685
Lincoln	PI 548589
Lincoln	C1117
Lindarin	PI 548590
Lindarin	C1315
Line 8	PI 542043
Line 8	L82C-1246
LLL05-14	PI 533602
LLL05-14	R79-772
LN1067	PI 548569
LN1067	Hack
LN80-8259	PI 548635
LN80-8259	Chamberlain
LN81-1044	PI 540555
LN81-1044	Hamilton
LN83-2356	PI 540556
LN83-2356	Jack
LN85-6800	PI 540554
LN85-6800	Bell
LN86-983	Yale
LN86-983	PI 584441
LN87-2112	PI 593259
LN87-2112	Iroqouis
LN88-10534	PI 593258
LN88-10534	Macon
LN89-3615	GP-164
LN89-3615	PI 574542
LN89-5717	PI 597381
LN89-5717	Savoy
LN90-4524	PI 597386
LN90-4524	Dwight
LN92-10507	PI 606748
LN92-10507	Rend
LN92-10725	PI 597387
LN92-10725	Pana
LN93-13684	PI 559932
LN93-13684	Manokin
LN94-10470	INA
LN94-10470	PI 606749
LN95-15740	PI 614088
LN95-15740	Loda
LN97-14727	PI 633983
LN97-14727	SY 319001
LNX97164-35	PI 614088
LNX97164-35	LN95-5414
Loda	PI 548591
Loda	U75633
Logan	PI 633609
Logan	R95-2210
LS02-4045	PI 665035
LS02-4045	Saluki 4910
LS07-3125	PI 672534
LS07-3125	Saluki 4313
LS78-W245	PI 512039
LS78-W245	Pyramid
LS83-3800	PI 572240
LS83-3800	Nile
M17R-908-1094	PI 548611
M17R-908-1094	Renville
M391-4	PI 548534
M391-4	Clay
M391-4	11-54-53
M412	PI 548621
M412	Traverse
M422	PI 548535
M422	Norman
M54-139	Anoka
M54-139	PI 548508
M59-120	PI 548500
M59-120	Swift
M59-121	PI 548620
M59-121	Steele
M61-224	PI 548501
M61-224	Wilkin
M61-52	Ada
M61-52	PI 548499
M61-60	PI 548560
M61-60	Evans
M63-194	PI 548561
M63-194	Hodgson
M63-217	PI 548561
M63-217	Hodgson
M63-217Bf	PI 548561
M63-217Bf	Hodgson
M65-207	PI 548582
M65-207	McCall
M65-270	PI 548567
M65-270	Grande
M70-128	PI 542403
M70-128	Dawson
M70-135	PI 548615
M70-135	Simpson
M71-39	PI 542404
M71-39	Ozzie
M73-93	PI 513382
M73-93	Glenwood
M74-349	PI 542402
M74-349	Chico
M74-55	PI 508084
M74-55	Sibley
M74-69	PI 548581
M74-69	Hodgson 78
M75-244	PI 508083
M75-244	Dassel
M77-218	PI 542769
M77-218	Proto
M77-75	Asgrow A7986
M77-75	PI 556813
M77-75	XP8186
M81-381	PI 542042
M81-381	Kato
M81-382	PI 542768
M81-382	Sturdy
M82-1027	PI 546038
M82-1027	Kasota
M82-996	Leslie
M82-996	PI 557011
M83-830	Bert
M83-830	PI 557010
M84-850	PI 562374
M84-850	Parker
M85-582	PI 564524
M85-582	Alpha
M86-2337	PI 537096
M86-2337	Minnatto
M87-727	PI 592523
M87-727	Glacier
M99-386097	PI 559370
M99-386097	R68-105
Mack	PI 593258
Mack	LN89-295
Macoupin	PI 548580
Macoupin	H20771-9
Magellan	PI 548553
Magellan	AX84-90
Mamloxi	Mammoth
Mamloxi	PI 548469
Manchu 3	PI 548372
Manchu 3	Wis. Manchu 606
Manchu 606	PI 548374
Manchu 606	Manchukota
Manchu A	PI 548369
Manchu A	Hudson Manchu
Manchu-Hudson	PI 548370
Manchu-Hudson	Montreal Manchu
Manchu-Wisconsin	PI 548374
Manchu-Wisconsin	Manchu 831
Manchuria	PI 548376
Manchuria	Ohio 13177
Manchuria	Manchuria 13-177
Mandarin	PI 548379
Mandarin	Ottawa Mandarin
Mandarin 507	PI 548381
Mandarin 507	MM-35
Manitoba Brown	PI 559932
Manitoba Brown	MD83-5008
Mansoy	PI 548592
Mansoy	OT80-1
Mansoy	AU313
Maple Amber	PI 548593
Maple Amber	OT73-15
Maple Arrow	PI 548642
Maple Arrow	OT83-4
Maple Arrow	X921-33-1
Maple Donovan	PI 548643
Maple Donovan	OT84-12
Maple Donovan	X973-8-8-4
Maple Glen	PI 548595
Maple Glen	K151-11-B-6
Maple Glen	OT81-5
Maple Isle	PI 548594
Maple Isle	BD21117
Maple Presto	PI 548596
Maple Presto	OT80-12Y
Maple Presto	K22-3-B-1
Maple Ridge	PI 537095
Maple Ridge	A85-193023
Marcus BC	PI 548537
Marcus BC	A73-227
Masco 1976	PI 556538
Masco 1976	72-3299
Maverick	PI 568236
Maverick	SC84-679
Maxcy	Hy 574
Maxcy	HB3-X594
Maxcy	PI 590248
MBC11-425-5-010	PI 548582
MBC11-425-5-010	M65-217
Md62-3303	Wye
Md62-3303	PI 548633
MD71-1643-82	PI 548598
MD71-1643-82	Miles
MD77-5675	PI 510670
MD77-5675	Md79-5043
MD77-5675	Morgan
Md81-0953	PI 559932
Md81-0953	Manokin
MD83-5198	Bass
MD83-5198	PI 548652
Md85-5376	PI 559931
Md85-5376	Corsica
MD86-5788	PI 595626
MD86-5788	Wicomico
ME6400079	PI 548597
ME6400079	U36276
Medium Green	PI 583835
Medium Green	U90-3614
Mercury	PI 548545
Mercury	O55-2065
MFS-541	PI 608574
MFS-541	V93-0386
MFS-553	V03-1144
MFS-553	PI 671807
MH5817653	PI 548584
MH5817653	Wells II BC6
Miami	PI 548386
Miami	Medium Yellow
Miami	Mongol
Mike Brayton Expl 59372	PI 548598
Mike Brayton Expl 59372	MD71-407
MiniMax	PI 537096
MiniMax	M86-2372
MM-31	PI 548381
MM-31	Mandell
MN0901	PI 618613
MN0901	M92-1571
MON RR	RR2Y
MON RR	RR2
MON RR	MON RR2Y
MON RR	MONRR2Y
MON RR	MON88978
MON RR	MON 88978
MON RR2Y	GTS 40-3-2
MON RR2Y	MON-04032-6
MON RR2Y	Roundup Ready soybean
MON RR2Y	Mon RR
MON RR2Y	MON RR
MON RR2Y	40-3-2
Monocacy	PI 548599
Monocacy	H5
Monroe	PI 548370
Monroe	Manchu
Monroe	Montreal
Montreal Manchu	PI 632905
Montreal Manchu	VG-3
Moon Cake	PI 510670
Moon Cake	MD79-5043
Moon Cake	F4
Morse	PI 548600
Morse	CM30
Mukden No.4	SC89-181
Mukden No.4	PI 599333
N02-219	NC-Miller
N02-219	PI 665018
N03287	USDA-N6003LP
N03287	PI 689999
N35-2-19	Roanoke
N35-2-19	PI 548485
N47-3470	Jackson
N47-3470	PI 548657
N59-6958	Dare
N59-6958	PI 548987
N6001	PI 658498
N6001	N06-10237
N62-2144	NTCPR92-40
N62-2144	PI 619615
N64-2423	Ransom
N64-2423	PI 548989
N70-3037	N90-7199
N70-3037	PI 615694
N7003CN	NTCPR92-100
N7003CN	PI 619616
N74-1572	Young
N74-1572	PI 508266
N76-1505	Johnston
N76-1505	PI 508267
N78-2245	PI 90406
N78-2245	PI 92567
N81-320	PI 654355
N81-320	NTC02AXB-717
N85-574	PI 572239
N85-574	Holladay
N87-298	Clifford
N87-298	PI 596414
N90-541	N7001
N90-541	PI 615694
N93-1264	PI 614702
N93-1264	Soyola
NA91-501002	PI 594225 A
NA91-501002	NIAR 032048
Nangun Takedate	PI 71597
Nangun Takedate	C.N.S. ??
Nangun Takedate	No.208
NAPB HS235	R74-511A
NAPB HS235	PI 553052
NC 97-61	N94-552
NC 97-61	SY 105001
NC 97-61	PI 617045
NC ROY	CV-504
NC ROY	PI 664026
NC ROY	NCC02-20578
NC-Dunphy	N02-417
NC-Dunphy	PI 665018
NC-Dunphy	CV-505
NC-Miller	PI 641156
NC-Miller	N95-614
NC-Raleigh	N94-552
NC-Raleigh	PI 617045
NC-Raleigh	SY 105001
NC-Roy RR	PI 664027
NC-Roy RR	NCC02-22219
NCC01-69	PI 664026
NCC01-69	NC-Burton
NCC01-69	NCC02-20578D1
NCC02-21183	PI 664027
NCC02-21183	NC-Tinius
ND Dickey	PI 675334
ND Dickey	ND09-5604
ND01-4249	PI 655938
ND01-4249	Ashtabula
ND06-25513	PI 673929
ND06-25513	ND1406HP
ND09-4592	PI 675334
ND09-4592	ND Henson
ND10-4865	N04-10327
ND10-4865	PI 660538
ND11-19725	ND04-10637
ND11-19725	PI 664265
ND14-8899	PI 673929
ND14-8899	ND06-4642
ND96-1006	PI 615585
ND96-1006	Sargent
ND96-8811	PI 615586
ND96-8811	Walsh
NE3400	PI 548566
NE3400	U11406
Nema Shirazu	PI 342004
Nema Shirazu	Touhoku 6
NIAR 040303	PI 648324
NIAR 040303	NA3289RG
NIDERA A 3289RG	PI 648319
NIDERA A 3289RG	NA4209RG
NIDERA A 4209RG	PI 648323
NIDERA A 4209RG	NA4613RG
NIDERA A 4613RG	PI 648318
NIDERA A 4613RG	NA5009RG
NIDERA A 5009RG	PI 648321
NIDERA A 5009RG	NA5485RG
NIDERA A 5485RG	PI 648320
NIDERA A 5485RG	NA5543RG
NIDERA A 5543RG	PI 648322
NIDERA A 5543RG	NA7708RG
NIDERA A 7708RG	PI 572240
NIDERA A 7708RG	LS83-5616
Noir1-SGC-01	PI 548601
Noir1-SGC-01	W48S-1460
Norchief	PI 548535
Norchief	M424
Northrup King 9436	NK RA-452
Northrup King 9436	NK RA452
Northrup King 9436	Northrup King RA452
Northrup King 9436	RA-452
Northrup King RA-452	NK S1244
Northrup King RA-452	S1244
Northrup King S1244	NK S1346
Northrup King S1244	S1346
Northrup King S1346	PI 556482
Northrup King S1346	S1474
Northrup King S1346	NK S1244
Northrup King S1474	S1492
Northrup King S1474	NK S1492
Northrup King S1492	S15-50
Northrup King S1492	NK S15-50
Northrup King S1492	PI 556765
Northrup King S1492	Syngenta S15-50
Northrup King S15-50	S18-84
Northrup King S15-50	NK S18-84
Northrup King S15-50	PI 556644
Northrup King S18-84	S19-90
Northrup King S18-84	NK S19-90
Northrup King S18-84	Northrup King S19-90
Northrup King S18-84	PI 556897
Northrup King S18-84	Syngenta S19-90
Northrup King S19-90	S20-12
Northrup King S19-90	NK S20-12
Northrup King S20-13	S20-20
Northrup King S20-13	NK S20-20
Northrup King S20-13	PI 540880
Northrup King S20-20	S20-91
Northrup King S20-20	NK S20-91
Northrup King S20-20	PI 590534
Northrup King S20-91	Syngenta S20-F8
Northrup King S20-91	S20-F8
Northrup King S20-91	NK S20-F8
Northrup King S20-F8	S23-03
Northrup King S20-F8	NK S23-03
Northrup King S20-F8	PI 556724
Northrup King S23-03	S23-12
Northrup King S23-03	NK S23-12
Northrup King S23-03	PI 556822
Northrup King S23-12	S24-92
Northrup King S23-12	S24-92
Northrup King S23-12	NK S24-92
Northrup King S24-92	X9925
Northrup King S24-92	J540909
Northrup King S25-J5	S26-06
Northrup King S25-J5	NK S26-06
Northrup King S25-J5	PI 556864
Northrup King S26-06	S29-18
Northrup King S26-06	NK S29-18
Northrup King S26-06	PI 590535
Northrup King S29-18	S32-23
Northrup King S29-18	NK S32-23
Northrup King S32-23	S35-35
Northrup King S32-23	NK S35-35
Northrup King S32-23	PI 561209
Northrup King S35-35	S38-T8
Northrup King S35-35	NK S38-T8
Northrup King S35-35	PI 613609
Northrup King S38-T8	S39-11
Northrup King S38-T8	NK S39-11
Northrup King S38-T8	PI 556997
Northrup King S39-11	S39-99
Northrup King S39-11	NK S39-99
Northrup King S39-11	PI 556764
Northrup King S39-99	S40-55
Northrup King S39-99	NK  S40-55
Northrup King S40-55	S42-30
Northrup King S40-55	NK S42-30
Northrup King S40-55	PI 556762
Northrup King S42-30	S42-32
Northrup King S42-30	NK S42-32
Northrup King S42-30	PI 566936
Northrup King S42-32	X9842
Northrup King S42-32	J335752
Northrup King S42-32	S42-H1
Northrup King S42-32	NK S42-H1
Northrup King S42-32	PI 610443
Northrup King S42-H1	S43-B5
Northrup King S42-H1	NK S43-B5
Northrup King S43-B5	X9146
Northrup King S43-B5	PI 564525
Northrup King S43-B5	S46-44
Northrup King S43-B5	NK S46-44
Northrup King S43-B5	J616544
Northrup King S43-B5	Syngenta S46-44
Northrup King S46-44	PI 560307
Northrup King S46-44	X9060
Northrup King S46-44	S59-60
Northrup King S46-44	NK S59-60
Northrup King S59-60	S59-95
Northrup King S59-60	NK S59-95
Northrup King S59-60	PI 590536
Northrup King S59-95	H88-2546
Northrup King S59-95	S75-55
Northrup King S59-95	NK S75-55
Northrup King S59-95	PI 576149
Northrup King S75-55	S83-30
Northrup King S75-55	NK S83-30
Northrup King S75-55	PI 543933
Northrup King S83-30	S92-1598
Northrup King S83-30	NK S92-1598
NTCPR90-143	N7101
NTCPR90-143	PI 619616
NTCPR92-100	N6201
NTCPR92-100	PI 619615
O-255	PI 548576
O-255	Harwood
O-671	PI 279648
O-671	Hardome
O3-33	PI 548539
O3-33	Comet
O50-11	PI 548544
O50-11	Crest
O50-11	O51-322
O51-318	PI 548544
O51-318	Crest
O51-318	O51-318
O52-903	PI 548545
O52-903	Merit
OAC Clinton	OAC86-01
OAC Clinton	PI 567783
OAC Exeter	OAC87-02
OAC Exeter	PI 567784
OAC Scorpio	OAC88-08
OAC Scorpio	PI 567785
OAC Thamesville	PI 567787
OAC Thamesville	OAC88-01
OAC6-20	PI 548515
OAC6-20	Bicentennial
OAC82-07	PI 548623
OAC82-07	Vansoy
OAC85	OAC Eclipse
OAC85	PI 567783
OAC86-07	OAC Frontier
OAC86-07	PI 567784
OAC87-02	PI 567787
OAC87-02	OAC Vision
OAC88-01	OAC Shire
OAC88-01	PI 567785
Oak	PI 548543
Oak	A74-303013
OHFG5	PI 584469
OHFG5	HS90-3508
OHIO FG3	HS98-3755
OHIO FG3	PI 642768
Oka Daizu	PI 548602
Oka Daizu	S62-4051
OLERICHI50	PI 602060
OLERICHI50	E91031
ORC8801	Brock
ORC8801	PI 572241
ORC9205	R98-1821
ORC9205	PI 648270
Osage	PI 548593
Osage	Maple Arrow
OT73-15	PI 548592
OT73-15	Maple Amber
OT73-15	AU313
OT80-1	PI 548596
OT80-1	Maple Ridge
OT80-1	K22-3-B-1
OT80-12Y	744-2
OT80-12Y	PI 194641
OT80-3	PI 548595
OT80-3	Maple Isle
OT80-3	K151-11-B-6
OT81-6	PI 548642
OT81-6	Maple Donovan
OT81-6	X921-33-1
OT83-4	PI 548643
OT83-4	Maple Glen
OT83-4	X973-8-8-4
OT93-28	X2150-A-78
OT93-28	X2150-A-78-B-5
OT93-28	AC Orford
Ottawa	PI 548379
Ottawa	Mandarin-Ottawa
OX-89194-1-8	PI 548641
OX-89194-1-8	Haroson
OX-Hodgson 1cHm	PI 548570
OX-Hodgson 1cHm	Harcor
OX621	PI 548571
OX621	Harlon
OX752	PI 542711
OX752	Edison
OX752	HM8597
OX8016-16	PI 633608
OX8016-16	Dilworth
OX8016-16	HF98-023
Ozark RR2Y	PI 542404
Ozark RR2Y	M71-43
P28T33R	XB28AB15R
P28T33R	PI 677228
Palmetto	PI 597387
Palmetto	LN92-10855
Pando	PI 562374
Pando	M84-916
Parker	PI 548400
Parker	PI 70218-2-19-3
Pelican #2	PI 548523
Pelican #2	A74-302012
Pella	PI 509044
Pella	AHW-Pella BC
Pennsoy	PI 515961
Pennsoy	KY79-0237
Pennyrile	PI 536637
Pennyrile	SC82-1672
Perrin	PI 548603
Perrin	C612
Perry	PI 548604
Perry	S76-2109
PI 073587	PI 091730
PI 073587	6767
PI 171450	Kosamame
PI 171450	Yellow
PI 181550	Urusan
PI 181550	No. 241
PI 187155	Mandchurische
PI 187155	J 57
PI 189930	Cosse Lisse
PI 189930	N 13
PI 189950	PI 548422
PI 189950	PI 19186D
PI 196176	Yu tae
PI 196176	No. 2300-3
PI 196491	Komata
PI 196491	No. 79
PI 200538	No. 643a
PI 200538	PEO Glycine hispida
PI 227557	Miyako white
PI 227557	Col. No. 380 No. 1
PI 230977	Biloxi
PI 230977	Tsze pi tou
PI 230977	No. 964a
PI 257435	C 8/58 R
PI 257435	Soja-C 8/58 R
PI 340023	Red Tanner
PI 340023	C.P.I. 15674
PI 358323	Raiden
PI 358323	Harrow 178
PI 381668	Kubanskaja 33
PI 381668	VIR 5573
PI 399073	Primorskaja 494
PI 399073	VIR 5622
PI 404157	Huaj an si er dian
PI 404157	VIR 5349
PI 408339	Houjaku Kuwazu
PI 408339	H-040184
PI 417021	Kur churyuu
PI 417021	H-020159
PI 417088	Shibahara mame
PI 417088	H-040350
PI 417288	PI 417409
PI 417288	Tousan 22
PI 427136	Ji Lin 15
PI 427136	Jilin 15
PI 436682	VNIISC-4
PI 436682	VIR 4986
PI 43765	Er-hej-jan
PI 43765	VIR 5268
PI 437654	Er-huan-jan
PI 437654	VIR 5269
PI 437655	I-vo-phyn
PI 437655	VIR 5463
PI 437666	Ti-jue-baj
PI 437666	VIR 5386
PI 437726	Curo Sengocu
PI 437726	VIR 3742
PI 437833	DV-2369/2
PI 437833	VIR 4609
PI 437851 A	Elita 709
PI 437851 A	VIR 4318
PI 438206	Zan dan ber mak
PI 438206	VIR 5247
PI 438328	Fiskeby 827-4-23
PI 438328	VIR 5593
PI 468377	Traff
PI 468377	1110-4-5-5
PI 470930	185
PI 470930	220020
PI 471931	197
PI 471931	220024
PI 506764	Kantou 60
PI 506764	NIAR 040303
PI 506852	Nakasennari
PI 506852	PI 619615
PI 507079	Tokei 421
PI 507079	NIAR 010080
PI 507354	Tousan kei na 16
PI 507354	NIAR 041016
PI 507471	Jangiabad
PI 507471	VIR 7217
PI 518751	Amurskaja 41
PI 518751	VIR 4112
PI 540877	Syngenta S20-20
PI 540877	PI 540880
PI 540877	S20-20
PI 547879	Flambeau
PI 547879	Wisconsin 839-14
PI 548443	Delsta
PI 548443	Selection 6677
PI 549098	Southern States SS516
PI 549098	SS 516
PI 549098	X5161
PI 549098	E81385-QC83-016A
PI 549098	X5161
PI 550740	Camp
PI 550740	V81-1325-25
PI 556484	AP 27
PI 556484	Agripro Ex 7710
PI 556484	AP27
PI 556486	AP 25
PI 556486	AP25
PI 556534	Land O Lakes Max
PI 556534	PI 556535
PI 556603	APHP 20-20
PI 556603	HP 20-20
PI 556612	Land O Lakes L4404
PI 556612	Land O Lakes L4404
PI 556676	APHP 2530
PI 556676	HP 2530
PI 556686	Asgrow A4997
PI 556686	XP4982
PI 556686	A4997
PI 556782	Asgrow A4595
PI 556782	A4595
PI 556782	XP4595
PI 556782	X4797
PI 556784	KG60
PI 556784	KG2007
PI 556812	Asgrow A7986
PI 556812	M78-687
PI 556820	B236
PI 556820	Pride PEX110
PI 556859	Asgrow A4009
PI 556859	A4009
PI 556859	XP4009
PI 556860	Asgrow A5403
PI 556860	ASG A5403
PI 556860	X5304
PI 556860	XP5304
PI 556926	Asgrow A2543
PI 556926	XP2543
PI 556926	A2543
PI 561718	AT 550
PI 561718	AgraTech AT550
PI 564713	Pioneer P9584
PI 564713	W2768-04
PI 565511	Asgrow A4138
PI 565511	A4138
PI 565511	XP4238
PI 566937	Alisa
PI 566937	VIR 9615
PI 567425B	Ba yue zha
PI 567425B	ZDD002746
PI 567601	Nan zhao cao huang dou
PI 567601	ZDD003186
PI 587696	Huang mao bai shui dou
PI 587696	ZDD013287
PI 590237	DPL 3519S
PI 590237	DPX 3519
PI 590237	DP 3519 STS
PI 590533	Syngenta S20-91
PI 590533	S20-91
PI 590534	Syngenta S29-18
PI 590534	S29-18
PI 592894	LG03-11572
PI 592894	Hong feng No. 3
PI 592894	ZDD 06833
PI 592922	Tong nong No. 8
PI 592922	ZDD17876
PI 593655	Sui nong No. 10
PI 593655	SY 9504002
PI 593953	Gogaku
PI 593953	NIAR 033154
PI 594381	Asgrow A2833
PI 594381	A2833
PI 594382	Asgrow A3244
PI 594382	88154622393
PI 596798	Runo
PI 596798	SY 9618012
PI 597938	DPL 5960 RR
PI 597938	DPX 9759 RR
PI 603288	Zao shu 18
PI 603288	ZDD18396
PI 603290	Niu xin hong
PI 603290	ZDD006913
PI 603432 B	Diao si gui
PI 603432 B	ZDD02791
PI 603571 A	ZDD05996
PI 603571 A	SY 9816147
PI 606743	INA
PI 606743	LN94-10527
PI 610442	Syngenta S42-H1
PI 610442	J335752
PI 610442	X9842
PI 633567	Dilworth
PI 633567	HF98-023
PI 633567	OX93329-7
PI 633567	PI 633608
PI 642458	HS98-3755
PI 642458	Ohio FG5
PI 646192	Dennison
PI 646192	HS1-3717
PI 653261	Botanical Garden no. 4
PI 653261	4466
PI 65338	No. 4472
PI 65338	No. 9
PI 65393	No. 4520
PI 65393	No. 65
PI 664262	BG4184
PI 664262	BG4184Y
PI 669989	MFS-561
PI 669989	V03-1144
PI 677228	GLL0050
PI 677228	CZ 4540 LL
PI 677230	ELL0082
PI 677230	CZ 5147 LL
PI 677231	DLL1206
PI 677231	CZ 5225 LL
PI 677232	DLL1335
PI 677232	CZ 5445 LL
PI 677233	DLL0840
PI 677233	CZ 5515 LL
PI 677234	DLL1347
PI 677234	CZ 5727 LL
PI 677235	DLL1172
PI 677235	CZ 5947 LL
PI 677236	DLL0838
PI 677236	CZ 6109 LL
PI 677237	DLL1143
PI 677237	CZ 6316 LL
PI 677238	ELL0908
PI 677238	CZ 6515 LL
PI 677239	DLL1141
PI 677239	CZ 7007 LL
PI 677240	DLL0750
PI 677240	CZ 7132 LL
PI 68474	292
PI 68474	5910
PI 68508	314
PI 68508	5924
PI 68577-3	382
PI 68577-3	6042
PI 68644-2	114
PI 68644-2	6116
PI 686908	300
PI 686908	6270
PI 68708	110
PI 68708	6436
PI 689003	USDA-N6003LP
PI 689003	PI 689999
PI 689003	N04-05-N41
PI 71506	Hayseed
PI 71506	No. 113
PI 71525	Palmetta
PI 71525	No. 186
PI 71663	Missoy
PI 71663	No.351
PI 80475	Mejiro
PI 80475	442
PI 80475	T207
PI 81041	Ao daizu
PI 81041	No. 300
PI 81043	Pepute No. 2
PI 81043	1674
PI 82263-2	Dairyu Tsurunoko
PI 82263-2	2129
PI 82263-2	T248
PI 83945-4	Tokyo
PI 83945-4	Ita Mame
PI 8424	S-62
PI 8424	2191
PI 84642	S-94
PI 84642	2220
PI 84666-1	Kanro
PI 84666-1	3224
PI 84928	Kandokon
PI 84928	3413
PI 84928	PIO Soja max
PI 84946-2	Y-47
PI 84946-2	2761
PI 85355	Y-352
PI 85355	2965
PI 85897	Daidzuhinshu satei
PI 85897	3524
PI 85897	T245
PI 86024	Rasuto San
PI 86024	3604
PI 86050	Izari mame kinai No. 1
PI 86050	4213
PI 868907	Pakute
PI 868907	4494
PI 91161	Excellent Grade No. 1
PI 91161	6767
PI 92718-2	Ke lu tion
PI 92718-2	Cherokee
PI 92718-2	No. 6939
PI 93057	Seminole
PI 93057	No. 6940
PI 95719-1	Nanda
PI 95719-1	No. 7992
PI 95719-1	Station No. 22
PI 95727	330
PI 95727	8300
PI 96035	384
PI 96035	8354
PI 96089	649
PI 96089	8619
PI 96983	9108
PI 96983	Station No. 1138
Pickett	PI 548982
Pickett	D68-B4
Pioneer P1282	Peterson 1677
Pioneer P1282	P1677
Pioneer P9091	PI 584461
Pioneer P9091	Northrup King S15-50
Pioneer P9583	PI 564714
Pioneer P9583	W2768-04
Pioneer YB33A99	PI 543856
Pioneer YB33A99	L74D-609
Plant 75	PI 548605
Plant 75	U56355
Plenish: P20T53PR	PI 548606
Plenish: P20T53PR	K1004
Pontiac	PI 548607
Pontiac	S56-142
Pontiac	UM4
Premier	PI 548520
Premier	A81-257031
Preston	PI 612157
Preston	G90-1551
Pride B236	B236
Pride B236	PI 556821
Pritchard-RR	PI 548554
Pritchard-RR	AX84-98
Pro5-10	PI 587185
Pro5-10	C1832
Pro5-10	CX1164-77
Prohio	PI 597389
Prohio	N87-984
ProSoy PS104	PI 548528
ProSoy PS104	C1376
Proto	PI 548608
Proto	A61-1051
PRX9-274	KSX3948
PRX9-274	K3948
PX181-88A	PI 512039
PX181-88A	LS78W-110
R09-319	UA Mulberry
R09-319	PI 688606
R09-3513	PI 679957
R09-3513	UA 5814HP
R09-4095	UA 5115C
R09-4095	PI 689004
R54-168	Davis
R54-168	PI 553039
R69-1151	Lee 74
R69-1151	PI 548658
R74-39K	Narow
R74-39K	PI 553052
R77-238	Jeff
R77-238	PI 553040
R79-167S	PI 533602
R79-167S	Lloyd
R83-11S	Walters
R83-11S	PI 544354
R91-4484	PI 633610
R91-4484	Desha
R93-151	PI 615582
R93-151	Caviness
R95-1705	PI 633609
R95-1705	Lonoke
R98-1682	UA4805
R98-1682	H5545
R99-541	NK RA-452
R99-541	NK RA452
R99-541	Northrup King RA452
R99-541	RA-452
RAGT86L579	PI 360844
RAGT86L579	Harrow 178
Ralsoy	PI 548609
Ralsoy	A62-5405
Rampage	PI 633424
Rampage	VS20-418
Randolph	N64-2430
Randolph	PI 548989
RCAT Wildcat	PI 341243
RCAT Wildcat	C.P.I. 15674
Red Tanner	PI 548636
Red Tanner	C-Union BC
Regal	PI 606748
Regal	LN92-10725
Rend	PI 548611
Rend	M2
Renville	PI 534645
Renville	HM8471
Resnik	ResnikRR
Resnik	Resnik-RR
RG200RR	PI 634812
RG200RR	ND95-931C-RR
RG7008RR-1	PI 561400
RG7008RR-1	S80-2959?
Rhodes	PI 548406
Rhodes	PI 70502-2
RIL	PI 536636
RIL	HC77-2204
RO1-52F	PI 548485
RO1-52F	N41-90
Roanoke	PI 667737
Roanoke	SD03-2154
Rose Non Pop	PI 548612
Rose Non Pop	H24157-4
Ruby	PI 597402
Ruby	SY 9618012
S08-9727	S08-9727
S08-9727	S08-9727RR1
S13-3851	P 4678
S13-3851	Pioneer P4678
S15-4892R	PI 556765
S15-4892R	NK S15-50
S20-17501	Syngenta S20-20
S20-17501	PI 540880
S20-2017	Syngenta S20-91
S20-2017	PI 590534
S20-91	Syngenta S29-18
S20-91	PI 590535
S32-8	X99
S32-8	M001483
S49-5	PI 548546
S49-5	Custer
S52-5179	PI 548613
S52-5179	Scott
S56-1018	PI 548607
S56-1018	Portage
S56-1018	UM4
S6-7413	Oksoy
S6-7413	PI 548602
S75-489	PI 548604
S75-489	Pershing
S77-114	Bradley
S77-114	PI 556738
S82-3641	PI 543793
S82-3641	Delsoy 4500
S85-1009	PI 560206
S85-1009	Delsoy 4210
S88-1458	Delsoy 5500
S88-1458	PI 595765
S88-19561	Hartwig
S88-19561	PI 543795
S94-1955	Anand
S94-1955	PI 614732
S99-2176	PI 654356
S99-2176	SY 808001
Sac	PI 672534
Sac	LS07-3131
Saluki 4313	PI 665036
Saluki 4313	LS05-3229
Saluki 4411	PI 665035
Saluki 4411	LS03-4294
Sandusky	SY0107001
Sandusky	SC91-2007
Sandusky	PI 617041
Santee	PI 615585
Santee	ND96-1593
Satelite	PI 583837
Satelite	U90-3529
Saturn	PI 597381
Saturn	LN90-4187
SC17-5537RR2	PI 536637
SC17-5537RR2	Perrin
SC84-583	PI 568236
SC84-583	Maxcy
SC84-679	PI 555453
SC84-679	Hagood
SC84-818	PI 592756
SC84-818	Dillon
SC89-147	Musen
SC89-147	PI 599333
SC91-1791	PI 617041
SC91-1791	Santee
SC91-1791	SY0107001
Scioto	PI 548613
Scioto	S52-7158
SD-M-91-1574	PI 599300
SD-M-91-1574	 Surge
SD01-76R	PI 667737
SD01-76R	 Roberts
SD03-730	PI 667736
SD03-730	Surge
Seminole	D60-12
Seminole	327
Seminole	PI 548661
Semmes	FC 03654A/G
Semmes	PI 548411
SH 7418LL	D79-6162
SH 7418LL	PI 515960
Shawnee	PI 548574
Shawnee	L49-5139
Shelby	PI 548614
Shelby	HW8067
Shelby	AX-1751E-19
Sherman	PI 647867
Sherman	ND01-3906
Shiro Daizu 3	V69-156
Shiro Daizu 3	PI 553049
SHOW ME SOY 4301 C	PI 508084
SHOW ME SOY 4301 C	M74-62
Sibley	KG 20
Sibley	PI 556751
Sigco KG20	PI 548615
Sigco KG20	M70-153
SL-9	PI 548532
SL-9	Clark 63
SL91-895	PI 548616
SL91-895	A73-25050
Southern States SS391	PI 549099
Southern States SS391	SS 516
Southern States SS391	X5161
Southern States SS391	SS516
Southern States SS391	E81385-QC83-016A
Southern States SS391	X5161
Soygenetics N27205C	PI 614702
Soygenetics N27205C	SY 29001
Soyola	PI 548417
Soyola	T25
SP3799102	PI 548619
SP3799102	K1041
Spartan	PI 525454
Spartan	C1653
Spink	PI 536635
Spink	HW74-3384
Spink	HW74-3884
Sprite	PI 546374
Sprite	HC Sprite BC
Sprite 87	PI 553051
Sprite 87	L83-3804
SRF 101	SRF-150
SRF 101	SRF150
SRF 101	PI 548683
SRF 350P	SRF-400
SRF 350P	SRF400
SRF 350P	PI 548682
SS-19561	PI 549099
SS-19561	X5161
ST2250	PI 508269
ST2250	V74-315
Starr	PI 548620
Starr	M59-213
Stevens	AU82-204
Stevens	PI 531068
Strain 171	HC89-2170
Strain 171	PI 593645
STS	Coker 57-257
STS	NSL42779
Stuart	PI 542768
Stuart	M81-384
Sumter	PI 599300
Sumter	SD-M-92-1233
SW90702	PI 548500
SW90702	M59-121
Syngenta S09-95	S10-F2
Syngenta S09-95	L428642
Syngenta S16-60	M001219
Syngenta S16-60	X016
Syngenta S18-84	J604217
Syngenta S18-84	X118
Syngenta S18-N5	PI 556897
Syngenta S18-N5	X8820
Syngenta S18-N5	J301429
Syngenta S19-T9	S20-20
Syngenta S19-T9	PI 540880
Syngenta S20-26	S20-91
Syngenta S20-26	PI 590534
Syngenta S23-12	03KL015303
Syngenta S23-12	XC2370
Syngenta S24-24	PI 561206
Syngenta S24-24	S24-92
Syngenta S25-D3	X9925
Syngenta S25-D3	J540909
Syngenta S29-11	S29-18
Syngenta S29-11	PI 590535
Syngenta S30-J2	J557707
Syngenta S30-J2	X030
Syngenta S31-33	X99
Syngenta S31-33	M001483
Syngenta S42-60	J335752
Syngenta S42-60	X9842
Syngenta S42-60	PI 610443
Syngenta S59-19	X9060
Syngenta S59-19	PI 560307
Syngenta S59-60	S59-95
Syngenta S59-60	PI 590536
Syngenta S74-40	H88-2546
Syngenta S74-40	PI 576149
Syngenta S80-J2	S83-30
Syngenta S80-J2	PI 543933
T00539H117	PI 84631
T00539H117	S-56
T00539H117	2185
T117	PI 548421
T117	Viking
T118	PI 548314
T118	Chief
T181	PI 548669
T181	Carlin
T201	PI 548195
T201	L48-101
T204	PI 548359
T204	Pekwa
T204	Kingwa
T206	PI 548197
T206	2300-2
T208	PI 548568
T208	Grant
T208	W46S-292
T237	PI 548236
T237	L71L-06-4
Talon	PI uncertain
Talon	PI 423923
Talon	423897
Talon	594291
Talon	SY 940019
Tamanishike	PI 659062
Tamanishike	SY 902001
TCWN05X06-5165	PI 642935
TCWN05X06-5165	V96-0340
TGx1805-31F	G80-1413
TGx1805-31F	PI 522236
Thompson T8112	PI 564718
Thompson T8112	HM8890
Thorne	PI 608438
Thorne	E93147
TNLR-12	PI 508268
TNLR-12	V75-183
Toano	PI 171454
Toano	Tokyo
Toano	Jp 1901
Tomahomare	PI 592560
Tomahomare	M86-356
Tracker	PI 548983
Tracker	D67-4601
Tracy-M	PI 596541
Tracy-M	ND90-2624
Traill	PI 548621
Traill	M417
Tri-Valley Charger III	PI 614806
Tri-Valley Charger III	HC90-196
Ts72-824	Dowling
Ts72-824	PI 548663
TSB90-302	PI 612976
TSB90-302	SD93-522
TV4975	PI 511813
TV4975	G79-402
TV4975	Ga79-402
U11239	PI 548566
U11239	Nebsoy
U20325	PI 548597
U20325	Mead
U54-75	PI 548605
U54-75	Platte
U6-1612	PI 548591
U6-1612	Logan
U76168	PI 548564
U76168	Fremont
U85-71084	PI 552538
U85-71084	Dunbar
U8662062	PI 561858
U8662062	Holt
U87-63041	PI 583837
U87-63041	Saturn
UA 4805	CV-501
UA 4805	PI 659315
UA 5715GT	PI 679957
UA 5715GT	R09-3789
UA 5814HP	R09-345
UA 5814HP	PI 688606
UD321-5	PI 548624
UD321-5	Verde
UD3210-14	PI 548624
UD3210-14	Verde
UD61-1806	PI 548548
UD61-1806	Delmar
UM14-P	Altona
UM14-P	PI 548504
UM8	PI 548622
UM8	L21
Uphoff 3100	N04-05-N41
Uphoff 3100	PI 689999
USDA-N6003LP	PI 696388
USDA-N6003LP	N10-687
V03-0293	MFS-561
V03-0293	PI 671807
V60-K	York
V60-K	PI 553038
V66-12	PI 548667
V66-12	Essex
V68-1171	PI 548627
V68-1171	Ware
V68-920	Shore
V68-920	PI 553049
V72-128	Bay
V72-128	PI 553043
V73-76	PI 508269
V73-76	Stafford
V78-1355	PI 518664
V78-1355	Hutcheson
V80-2476	PI 553048
V80-2476	Vance
V81-1325	PI 553044
V81-1325	Camp
V87-396	Accomac
V87-396	PI 597388
V99-8097	PI 553048
V99-8097	V81-1325
Vance	PI 548623
Vance	OAC85
Vansoy	PI 548624
Vansoy	UD3210-31-14
Vertex	PI 548617
Vertex	A75-Corsoy R3
Victor	PI 548421
Victor	T118
Viking	PI 548618
Viking	A74-201010
Vinton 81	PI 32906
Vinton 81	PEO Glycine hispida
W2707-23	Pioneer P9584
W2707-23	PI 564714
W46S-246	PI 548568
W46S-246	Grant
W46S-246	T237
W48S-1200	PI 548601
W48S-1200	Norchief
W57-2334	PI 548509
W57-2334	Dunn
W87-15	PI 548626
W87-15	C463
Wabash	PI 615586
Wabash	ND96-8929
Walsh	PI 544354
Walsh	R83-1342
Wannamaker #1	V68-1242
Wannamaker #1	PI 548627
Washington	PI 548628
Washington	L57-2222
Wayne	PI 548524
Wayne	A75-102032
Weber	PI 548629
Weber	Weber BC
Weber 84	PI 548629
Weber 84	Weber 84
Weber BC	PI 548630
Weber BC	C1470
Wells	PI 548513
Wells	Wells II
Wells BC6	PI 548513
Wells BC6	Wells BC6
Wells II	PI 548584
Wells II	Miami
Westag 97	Txze Pi Tou
Westag 97	PI  548495
White Biloxi	PI 595626
White Biloxi	MD87-5389
Wicomico	PI 548501
Wicomico	M61-52
Wilkin	PI 518672
Wilkin	L22
Will	PI 548631
Will	L66L-108
Williams	PI 518670
Williams	L23
Williams 79	PI 518671
Williams 79	L24A
Williams 82	PI 548585
Williams 82	Winchester
Williams BC6	PI 438501
Williams BC6	VIR 199
Wilstar 790	PI 548585
Wilstar 790	Williams BC6
Winchester	PI 548610
Winchester	A62-5407
Wis. Manchu 3 sel.	PI 548372
Wis. Manchu 3 sel.	Manchu 606
Wis. Manchu 606	PI 548325
Wis. Manchu 606	Flambeau
Wis. Manchu 839-14	PI 548325
Wis. Manchu 839-14	Flambeau
Woodruff	PI 548632
Woodruff	L66L-172
Woodworth	Ga72-663
Woodworth	PI 553042
Wyandot-14	MD62-3303-3
Wyandot-14	PI 548633
X143	X2150-A-78-B-5
X143	OT95-10
X143	AC Orford
X2150-A-78	X2150-A-78
X2150-A-78	AC Orford
X2150-A-78	OT95-10
X4521	Asgrow A4595
X4521	PI 556784
X4521	A4595
X4521	XP4595
X4797	Asgrow A5403
X4797	ASG A5403
X4797	PI 556861
X4797	XP5304
X9060	Northrup King S46-44
X9060	PI 564525
X9146	PI 548642
X9146	Maple Donovan
X9146	OT83-4
X9662	PI 548643
X9662	Maple Glen
X9662	OT84-12
X973-8-8-4	Syngenta S42-H1
X973-8-8-4	J335752
X973-8-8-4	PI 610443
XP1928	Asgrow A2543
XP1928	PI 556929
XP1928	A2543
XP2543	Asgrow A4009
XP2543	PI 556860
XP2543	A4009
XP4009	Asgrow A4138
XP4009	PI 565512
XP4009	A4138
XP4238	Asgrow A4595
XP4238	PI 556784
XP4238	A4595
XP4238	X4797
XP4595	Asgrow A4997
XP4595	PI 556688
XP4595	A4997
XP4982	Asgrow A5403
XP4982	ASG A5403
XP4982	PI 556861
XP4982	X5304
XP5304	PI 591566
XP5304	A5843
XP5304	Asgrow A5843
XP5643	PI 556930
XP5643	A5979
XP5643	Asgrow A5979
XP5979	Asgrow A7986
XP5979	PI 556813
XP5979	M78-687
Y4667-09	LN87-2112
Y4667-09	PI 584441
Yelredo	V61-20
Yelredo	PI 553038
Yota	PI 508266
Yota	N75-2213
Z98136Z015	PI 548634
Z98136Z015	HW8033